"Code","CodeType","NewCode","Deficit"
"37.34","ICD9Procedure","3734","AFIB"
"00.66","ICD9Procedure","0066","CAD"
"06.6","ICD9Procedure","066","CAD"
"06.61","ICD9Procedure","0661","CAD"
"36.01","ICD9Procedure","3601","CAD"
"36.02","ICD9Procedure","3602","CAD"
"36.05","ICD9Procedure","3605","CAD"
"36.10","ICD9Procedure","3610","CAD"
"36.11","ICD9Procedure","3611","CAD"
"36.12","ICD9Procedure","3612","CAD"
"36.13","ICD9Procedure","3613","CAD"
"36.14","ICD9Procedure","3614","CAD"
"36.15","ICD9Procedure","3615","CAD"
"36.16","ICD9Procedure","3616","CAD"
"36.17","ICD9Procedure","3617","CAD"
"36.19","ICD9Procedure","3619","CAD"
"39.93","ICD9Procedure","3993","Kidney"
"39.952","ICD9Procedure","39952","Kidney"
"39.951","ICD9Procedure","39951","Kidney"
"39.95","ICD9Procedure","3995","Kidney"
"39.953","ICD9Procedure","39953","Kidney"
"54.98","ICD9Procedure","5498","Kidney"
"54.983","ICD9Procedure","54983","Kidney"
"54.981","ICD9Procedure","54981","Kidney"
"54.982","ICD9Procedure","54982","Kidney"
"02553ZZ","ICD10Procedure","02553ZZ","AFIB"
"02563ZZ","ICD10Procedure","02563ZZ","AFIB"
"02573ZZ","ICD10Procedure","02573ZZ","AFIB"
"02583ZZ","ICD10Procedure","02583ZZ","AFIB"
"02593ZZ","ICD10Procedure","02593ZZ","AFIB"
"025F3ZZ","ICD10Procedure","025F3ZZ","AFIB"
"025G3ZZ","ICD10Procedure","025G3ZZ","AFIB"
"025H3ZZ","ICD10Procedure","025H3ZZ","AFIB"
"025J3ZZ","ICD10Procedure","025J3ZZ","AFIB"
"025K3ZZ","ICD10Procedure","025K3ZZ","AFIB"
"025L3ZZ","ICD10Procedure","025L3ZZ","AFIB"
"025M3ZZ","ICD10Procedure","025M3ZZ","AFIB"
"02B53ZZ","ICD10Procedure","02B53ZZ","AFIB"
"02B63ZZ","ICD10Procedure","02B63ZZ","AFIB"
"02B73ZZ","ICD10Procedure","02B73ZZ","AFIB"
"02B83ZZ","ICD10Procedure","02B83ZZ","AFIB"
"02B93ZZ","ICD10Procedure","02B93ZZ","AFIB"
"02BF3ZZ","ICD10Procedure","02BF3ZZ","AFIB"
"02BG3ZZ","ICD10Procedure","02BG3ZZ","AFIB"
"02BH3ZZ","ICD10Procedure","02BH3ZZ","AFIB"
"02BJ3ZZ","ICD10Procedure","02BJ3ZZ","AFIB"
"02BK3ZZ","ICD10Procedure","02BK3ZZ","AFIB"
"02BL3ZZ","ICD10Procedure","02BL3ZZ","AFIB"
"02BM3ZZ","ICD10Procedure","02BM3ZZ","AFIB"
"02T83ZZ","ICD10Procedure","02T83ZZ","AFIB"
"021008C","ICD10Procedure","021008C","CAD"
"021008F","ICD10Procedure","021008F","CAD"
"021008W","ICD10Procedure","021008W","CAD"
"021009C","ICD10Procedure","021009C","CAD"
"021009F","ICD10Procedure","021009F","CAD"
"021009W","ICD10Procedure","021009W","CAD"
"02100A3","ICD10Procedure","02100A3","CAD"
"02100A8","ICD10Procedure","02100A8","CAD"
"02100A9","ICD10Procedure","02100A9","CAD"
"02100AC","ICD10Procedure","02100AC","CAD"
"02100AF","ICD10Procedure","02100AF","CAD"
"02100AW","ICD10Procedure","02100AW","CAD"
"02100J3","ICD10Procedure","02100J3","CAD"
"02100J8","ICD10Procedure","02100J8","CAD"
"02100J9","ICD10Procedure","02100J9","CAD"
"02100JC","ICD10Procedure","02100JC","CAD"
"02100JF","ICD10Procedure","02100JF","CAD"
"02100JW","ICD10Procedure","02100JW","CAD"
"02100K3","ICD10Procedure","02100K3","CAD"
"02100K8","ICD10Procedure","02100K8","CAD"
"02100K9","ICD10Procedure","02100K9","CAD"
"02100KC","ICD10Procedure","02100KC","CAD"
"02100KF","ICD10Procedure","02100KF","CAD"
"02100KW","ICD10Procedure","02100KW","CAD"
"02100Z3","ICD10Procedure","02100Z3","CAD"
"02100Z8","ICD10Procedure","02100Z8","CAD"
"02100Z9","ICD10Procedure","02100Z9","CAD"
"02100ZC","ICD10Procedure","02100ZC","CAD"
"02100ZF","ICD10Procedure","02100ZF","CAD"
"021048C","ICD10Procedure","021048C","CAD"
"021048F","ICD10Procedure","021048F","CAD"
"021048W","ICD10Procedure","021048W","CAD"
"021049C","ICD10Procedure","021049C","CAD"
"021049F","ICD10Procedure","021049F","CAD"
"021049W","ICD10Procedure","021049W","CAD"
"02104A3","ICD10Procedure","02104A3","CAD"
"02104A8","ICD10Procedure","02104A8","CAD"
"02104A9","ICD10Procedure","02104A9","CAD"
"02104AC","ICD10Procedure","02104AC","CAD"
"02104AF","ICD10Procedure","02104AF","CAD"
"02104AW","ICD10Procedure","02104AW","CAD"
"02104J3","ICD10Procedure","02104J3","CAD"
"02104J8","ICD10Procedure","02104J8","CAD"
"02104J9","ICD10Procedure","02104J9","CAD"
"02104JC","ICD10Procedure","02104JC","CAD"
"02104JF","ICD10Procedure","02104JF","CAD"
"02104JW","ICD10Procedure","02104JW","CAD"
"02104K3","ICD10Procedure","02104K3","CAD"
"02104K8","ICD10Procedure","02104K8","CAD"
"02104K9","ICD10Procedure","02104K9","CAD"
"02104KC","ICD10Procedure","02104KC","CAD"
"02104KF","ICD10Procedure","02104KF","CAD"
"02104KW","ICD10Procedure","02104KW","CAD"
"02104Z3","ICD10Procedure","02104Z3","CAD"
"02104Z8","ICD10Procedure","02104Z8","CAD"
"02104Z9","ICD10Procedure","02104Z9","CAD"
"02104ZC","ICD10Procedure","02104ZC","CAD"
"02104ZF","ICD10Procedure","02104ZF","CAD"
"021108C","ICD10Procedure","021108C","CAD"
"021108F","ICD10Procedure","021108F","CAD"
"021108W","ICD10Procedure","021108W","CAD"
"021109C","ICD10Procedure","021109C","CAD"
"021109F","ICD10Procedure","021109F","CAD"
"021109W","ICD10Procedure","021109W","CAD"
"02110A3","ICD10Procedure","02110A3","CAD"
"02110A8","ICD10Procedure","02110A8","CAD"
"02110A9","ICD10Procedure","02110A9","CAD"
"02110AC","ICD10Procedure","02110AC","CAD"
"02110AF","ICD10Procedure","02110AF","CAD"
"02110AW","ICD10Procedure","02110AW","CAD"
"02110J3","ICD10Procedure","02110J3","CAD"
"02110J8","ICD10Procedure","02110J8","CAD"
"02110J9","ICD10Procedure","02110J9","CAD"
"02110JC","ICD10Procedure","02110JC","CAD"
"02110JF","ICD10Procedure","02110JF","CAD"
"02110JW","ICD10Procedure","02110JW","CAD"
"02110K3","ICD10Procedure","02110K3","CAD"
"02110K8","ICD10Procedure","02110K8","CAD"
"02110K9","ICD10Procedure","02110K9","CAD"
"02110KC","ICD10Procedure","02110KC","CAD"
"02110KF","ICD10Procedure","02110KF","CAD"
"02110KW","ICD10Procedure","02110KW","CAD"
"02110Z3","ICD10Procedure","02110Z3","CAD"
"02110Z8","ICD10Procedure","02110Z8","CAD"
"02110Z9","ICD10Procedure","02110Z9","CAD"
"02110ZC","ICD10Procedure","02110ZC","CAD"
"02110ZF","ICD10Procedure","02110ZF","CAD"
"021148C","ICD10Procedure","021148C","CAD"
"021148F","ICD10Procedure","021148F","CAD"
"021148W","ICD10Procedure","021148W","CAD"
"021149C","ICD10Procedure","021149C","CAD"
"021149F","ICD10Procedure","021149F","CAD"
"021149W","ICD10Procedure","021149W","CAD"
"02114A3","ICD10Procedure","02114A3","CAD"
"02114A8","ICD10Procedure","02114A8","CAD"
"02114A9","ICD10Procedure","02114A9","CAD"
"02114AC","ICD10Procedure","02114AC","CAD"
"02114AF","ICD10Procedure","02114AF","CAD"
"02114AW","ICD10Procedure","02114AW","CAD"
"02114J3","ICD10Procedure","02114J3","CAD"
"02114J8","ICD10Procedure","02114J8","CAD"
"02114J9","ICD10Procedure","02114J9","CAD"
"02114JC","ICD10Procedure","02114JC","CAD"
"02114JF","ICD10Procedure","02114JF","CAD"
"02114JW","ICD10Procedure","02114JW","CAD"
"02114K3","ICD10Procedure","02114K3","CAD"
"02114K8","ICD10Procedure","02114K8","CAD"
"02114K9","ICD10Procedure","02114K9","CAD"
"02114KC","ICD10Procedure","02114KC","CAD"
"02114KF","ICD10Procedure","02114KF","CAD"
"02114KW","ICD10Procedure","02114KW","CAD"
"02114Z3","ICD10Procedure","02114Z3","CAD"
"02114Z8","ICD10Procedure","02114Z8","CAD"
"02114Z9","ICD10Procedure","02114Z9","CAD"
"02114ZC","ICD10Procedure","02114ZC","CAD"
"02114ZF","ICD10Procedure","02114ZF","CAD"
"021208C","ICD10Procedure","021208C","CAD"
"021208F","ICD10Procedure","021208F","CAD"
"021208W","ICD10Procedure","021208W","CAD"
"021209C","ICD10Procedure","021209C","CAD"
"021209F","ICD10Procedure","021209F","CAD"
"021209W","ICD10Procedure","021209W","CAD"
"02120A3","ICD10Procedure","02120A3","CAD"
"02120A8","ICD10Procedure","02120A8","CAD"
"02120A9","ICD10Procedure","02120A9","CAD"
"02120AC","ICD10Procedure","02120AC","CAD"
"02120AF","ICD10Procedure","02120AF","CAD"
"02120AW","ICD10Procedure","02120AW","CAD"
"02120J3","ICD10Procedure","02120J3","CAD"
"02120J8","ICD10Procedure","02120J8","CAD"
"02120J9","ICD10Procedure","02120J9","CAD"
"02120JC","ICD10Procedure","02120JC","CAD"
"02120JF","ICD10Procedure","02120JF","CAD"
"02120JW","ICD10Procedure","02120JW","CAD"
"02120K3","ICD10Procedure","02120K3","CAD"
"02120K8","ICD10Procedure","02120K8","CAD"
"02120K9","ICD10Procedure","02120K9","CAD"
"02120KC","ICD10Procedure","02120KC","CAD"
"02120KF","ICD10Procedure","02120KF","CAD"
"02120KW","ICD10Procedure","02120KW","CAD"
"02120Z3","ICD10Procedure","02120Z3","CAD"
"02120Z8","ICD10Procedure","02120Z8","CAD"
"02120Z9","ICD10Procedure","02120Z9","CAD"
"02120ZC","ICD10Procedure","02120ZC","CAD"
"02120ZF","ICD10Procedure","02120ZF","CAD"
"021248C","ICD10Procedure","021248C","CAD"
"021248F","ICD10Procedure","021248F","CAD"
"021248W","ICD10Procedure","021248W","CAD"
"021249C","ICD10Procedure","021249C","CAD"
"021249F","ICD10Procedure","021249F","CAD"
"021249W","ICD10Procedure","021249W","CAD"
"02124A3","ICD10Procedure","02124A3","CAD"
"02124A8","ICD10Procedure","02124A8","CAD"
"02124A9","ICD10Procedure","02124A9","CAD"
"02124AC","ICD10Procedure","02124AC","CAD"
"02124AF","ICD10Procedure","02124AF","CAD"
"02124AW","ICD10Procedure","02124AW","CAD"
"02124J3","ICD10Procedure","02124J3","CAD"
"02124J8","ICD10Procedure","02124J8","CAD"
"02124J9","ICD10Procedure","02124J9","CAD"
"02124JC","ICD10Procedure","02124JC","CAD"
"02124JF","ICD10Procedure","02124JF","CAD"
"02124JW","ICD10Procedure","02124JW","CAD"
"02124K3","ICD10Procedure","02124K3","CAD"
"02124K8","ICD10Procedure","02124K8","CAD"
"02124K9","ICD10Procedure","02124K9","CAD"
"02124KC","ICD10Procedure","02124KC","CAD"
"02124KF","ICD10Procedure","02124KF","CAD"
"02124KW","ICD10Procedure","02124KW","CAD"
"02124Z3","ICD10Procedure","02124Z3","CAD"
"02124Z8","ICD10Procedure","02124Z8","CAD"
"02124Z9","ICD10Procedure","02124Z9","CAD"
"02124ZC","ICD10Procedure","02124ZC","CAD"
"02124ZF","ICD10Procedure","02124ZF","CAD"
"021308C","ICD10Procedure","021308C","CAD"
"021308F","ICD10Procedure","021308F","CAD"
"021308W","ICD10Procedure","021308W","CAD"
"021309C","ICD10Procedure","021309C","CAD"
"021309F","ICD10Procedure","021309F","CAD"
"021309W","ICD10Procedure","021309W","CAD"
"02130A3","ICD10Procedure","02130A3","CAD"
"02130A8","ICD10Procedure","02130A8","CAD"
"02130A9","ICD10Procedure","02130A9","CAD"
"02130AC","ICD10Procedure","02130AC","CAD"
"02130AF","ICD10Procedure","02130AF","CAD"
"02130AW","ICD10Procedure","02130AW","CAD"
"02130J3","ICD10Procedure","02130J3","CAD"
"02130J8","ICD10Procedure","02130J8","CAD"
"02130J9","ICD10Procedure","02130J9","CAD"
"02130JC","ICD10Procedure","02130JC","CAD"
"02130JF","ICD10Procedure","02130JF","CAD"
"02130JW","ICD10Procedure","02130JW","CAD"
"02130K3","ICD10Procedure","02130K3","CAD"
"02130K8","ICD10Procedure","02130K8","CAD"
"02130K9","ICD10Procedure","02130K9","CAD"
"02130KC","ICD10Procedure","02130KC","CAD"
"02130KF","ICD10Procedure","02130KF","CAD"
"02130KW","ICD10Procedure","02130KW","CAD"
"02130Z3","ICD10Procedure","02130Z3","CAD"
"02130Z8","ICD10Procedure","02130Z8","CAD"
"02130Z9","ICD10Procedure","02130Z9","CAD"
"02130ZC","ICD10Procedure","02130ZC","CAD"
"02130ZF","ICD10Procedure","02130ZF","CAD"
"021348C","ICD10Procedure","021348C","CAD"
"021348F","ICD10Procedure","021348F","CAD"
"021348W","ICD10Procedure","021348W","CAD"
"021349C","ICD10Procedure","021349C","CAD"
"021349F","ICD10Procedure","021349F","CAD"
"021349W","ICD10Procedure","021349W","CAD"
"02134A3","ICD10Procedure","02134A3","CAD"
"02134A8","ICD10Procedure","02134A8","CAD"
"02134A9","ICD10Procedure","02134A9","CAD"
"02134AC","ICD10Procedure","02134AC","CAD"
"02134AF","ICD10Procedure","02134AF","CAD"
"02134AW","ICD10Procedure","02134AW","CAD"
"02134J3","ICD10Procedure","02134J3","CAD"
"02134J8","ICD10Procedure","02134J8","CAD"
"02134J9","ICD10Procedure","02134J9","CAD"
"02134JC","ICD10Procedure","02134JC","CAD"
"02134JF","ICD10Procedure","02134JF","CAD"
"02134JW","ICD10Procedure","02134JW","CAD"
"02134K3","ICD10Procedure","02134K3","CAD"
"02134K8","ICD10Procedure","02134K8","CAD"
"02134K9","ICD10Procedure","02134K9","CAD"
"02134KC","ICD10Procedure","02134KC","CAD"
"02134KF","ICD10Procedure","02134KF","CAD"
"02134KW","ICD10Procedure","02134KW","CAD"
"02134Z3","ICD10Procedure","02134Z3","CAD"
"02134Z8","ICD10Procedure","02134Z8","CAD"
"02134Z9","ICD10Procedure","02134Z9","CAD"
"02134ZC","ICD10Procedure","02134ZC","CAD"
"02134ZF","ICD10Procedure","02134ZF","CAD"
"027034Z","ICD10Procedure","027034Z","CAD"
"027035Z","ICD10Procedure","027035Z","CAD"
"027036Z","ICD10Procedure","027036Z","CAD"
"027037Z","ICD10Procedure","027037Z","CAD"
"02703D6","ICD10Procedure","02703D6","CAD"
"02703DZ","ICD10Procedure","02703DZ","CAD"
"02703EZ","ICD10Procedure","02703EZ","CAD"
"02703F6","ICD10Procedure","02703F6","CAD"
"02703FZ","ICD10Procedure","02703FZ","CAD"
"02703G6","ICD10Procedure","02703G6","CAD"
"02703GZ","ICD10Procedure","02703GZ","CAD"
"02703T6","ICD10Procedure","02703T6","CAD"
"02703TZ","ICD10Procedure","02703TZ","CAD"
"02703Z6","ICD10Procedure","02703Z6","CAD"
"02703ZZ","ICD10Procedure","02703ZZ","CAD"
"027044Z","ICD10Procedure","027044Z","CAD"
"027045Z","ICD10Procedure","027045Z","CAD"
"027046Z","ICD10Procedure","027046Z","CAD"
"027047Z","ICD10Procedure","027047Z","CAD"
"02704D6","ICD10Procedure","02704D6","CAD"
"02704DZ","ICD10Procedure","02704DZ","CAD"
"02704EZ","ICD10Procedure","02704EZ","CAD"
"02704F6","ICD10Procedure","02704F6","CAD"
"02704FZ","ICD10Procedure","02704FZ","CAD"
"02704G6","ICD10Procedure","02704G6","CAD"
"02704GZ","ICD10Procedure","02704GZ","CAD"
"02704T6","ICD10Procedure","02704T6","CAD"
"02704TZ","ICD10Procedure","02704TZ","CAD"
"02704Z6","ICD10Procedure","02704Z6","CAD"
"02704ZZ","ICD10Procedure","02704ZZ","CAD"
"027134Z","ICD10Procedure","027134Z","CAD"
"027135Z","ICD10Procedure","027135Z","CAD"
"027136Z","ICD10Procedure","027136Z","CAD"
"027137Z","ICD10Procedure","027137Z","CAD"
"02713D6","ICD10Procedure","02713D6","CAD"
"02713DZ","ICD10Procedure","02713DZ","CAD"
"02713EZ","ICD10Procedure","02713EZ","CAD"
"02713F6","ICD10Procedure","02713F6","CAD"
"02713FZ","ICD10Procedure","02713FZ","CAD"
"02713G6","ICD10Procedure","02713G6","CAD"
"02713GZ","ICD10Procedure","02713GZ","CAD"
"02713T6","ICD10Procedure","02713T6","CAD"
"02713TZ","ICD10Procedure","02713TZ","CAD"
"02713Z6","ICD10Procedure","02713Z6","CAD"
"02713ZZ","ICD10Procedure","02713ZZ","CAD"
"027144Z","ICD10Procedure","027144Z","CAD"
"027145Z","ICD10Procedure","027145Z","CAD"
"027146Z","ICD10Procedure","027146Z","CAD"
"027147Z","ICD10Procedure","027147Z","CAD"
"02714D6","ICD10Procedure","02714D6","CAD"
"02714DZ","ICD10Procedure","02714DZ","CAD"
"02714EZ","ICD10Procedure","02714EZ","CAD"
"02714F6","ICD10Procedure","02714F6","CAD"
"02714FZ","ICD10Procedure","02714FZ","CAD"
"02714G6","ICD10Procedure","02714G6","CAD"
"02714GZ","ICD10Procedure","02714GZ","CAD"
"02714T6","ICD10Procedure","02714T6","CAD"
"02714TZ","ICD10Procedure","02714TZ","CAD"
"02714Z6","ICD10Procedure","02714Z6","CAD"
"02714ZZ","ICD10Procedure","02714ZZ","CAD"
"027234Z","ICD10Procedure","027234Z","CAD"
"027235Z","ICD10Procedure","027235Z","CAD"
"027236Z","ICD10Procedure","027236Z","CAD"
"027237Z","ICD10Procedure","027237Z","CAD"
"02723D6","ICD10Procedure","02723D6","CAD"
"02723DZ","ICD10Procedure","02723DZ","CAD"
"02723EZ","ICD10Procedure","02723EZ","CAD"
"02723F6","ICD10Procedure","02723F6","CAD"
"02723FZ","ICD10Procedure","02723FZ","CAD"
"02723G6","ICD10Procedure","02723G6","CAD"
"02723GZ","ICD10Procedure","02723GZ","CAD"
"02723T6","ICD10Procedure","02723T6","CAD"
"02723TZ","ICD10Procedure","02723TZ","CAD"
"02723Z6","ICD10Procedure","02723Z6","CAD"
"02723ZZ","ICD10Procedure","02723ZZ","CAD"
"027244Z","ICD10Procedure","027244Z","CAD"
"027245Z","ICD10Procedure","027245Z","CAD"
"027246Z","ICD10Procedure","027246Z","CAD"
"027247Z","ICD10Procedure","027247Z","CAD"
"02724D6","ICD10Procedure","02724D6","CAD"
"02724DZ","ICD10Procedure","02724DZ","CAD"
"02724EZ","ICD10Procedure","02724EZ","CAD"
"02724F6","ICD10Procedure","02724F6","CAD"
"02724FZ","ICD10Procedure","02724FZ","CAD"
"02724G6","ICD10Procedure","02724G6","CAD"
"02724GZ","ICD10Procedure","02724GZ","CAD"
"02724T6","ICD10Procedure","02724T6","CAD"
"02724TZ","ICD10Procedure","02724TZ","CAD"
"02724Z6","ICD10Procedure","02724Z6","CAD"
"02724ZZ","ICD10Procedure","02724ZZ","CAD"
"027334Z","ICD10Procedure","027334Z","CAD"
"027335Z","ICD10Procedure","027335Z","CAD"
"027336Z","ICD10Procedure","027336Z","CAD"
"027337Z","ICD10Procedure","027337Z","CAD"
"02733D6","ICD10Procedure","02733D6","CAD"
"02733DZ","ICD10Procedure","02733DZ","CAD"
"02733EZ","ICD10Procedure","02733EZ","CAD"
"02733F6","ICD10Procedure","02733F6","CAD"
"02733FZ","ICD10Procedure","02733FZ","CAD"
"02733G6","ICD10Procedure","02733G6","CAD"
"02733GZ","ICD10Procedure","02733GZ","CAD"
"02733T6","ICD10Procedure","02733T6","CAD"
"02733TZ","ICD10Procedure","02733TZ","CAD"
"02733Z6","ICD10Procedure","02733Z6","CAD"
"02733ZZ","ICD10Procedure","02733ZZ","CAD"
"027344Z","ICD10Procedure","027344Z","CAD"
"027345Z","ICD10Procedure","027345Z","CAD"
"027346Z","ICD10Procedure","027346Z","CAD"
"027347Z","ICD10Procedure","027347Z","CAD"
"02734D6","ICD10Procedure","02734D6","CAD"
"02734DZ","ICD10Procedure","02734DZ","CAD"
"02734EZ","ICD10Procedure","02734EZ","CAD"
"02734F6","ICD10Procedure","02734F6","CAD"
"02734FZ","ICD10Procedure","02734FZ","CAD"
"02734G6","ICD10Procedure","02734G6","CAD"
"02734GZ","ICD10Procedure","02734GZ","CAD"
"02734T6","ICD10Procedure","02734T6","CAD"
"02734TZ","ICD10Procedure","02734TZ","CAD"
"02734Z6","ICD10Procedure","02734Z6","CAD"
"02734ZZ","ICD10Procedure","02734ZZ","CAD"
"03130JD","ICD10Procedure","03130JD","Kidney"
"03140JD","ICD10Procedure","03140JD","Kidney"
"03150JD","ICD10Procedure","03150JD","Kidney"
"03160JD","ICD10Procedure","03160JD","Kidney"
"03170JD","ICD10Procedure","03170JD","Kidney"
"03180JD","ICD10Procedure","03180JD","Kidney"
"03190JF","ICD10Procedure","03190JF","Kidney"
"031A0JF","ICD10Procedure","031A0JF","Kidney"
"031B0JF","ICD10Procedure","031B0JF","Kidney"
"031C0JF","ICD10Procedure","031C0JF","Kidney"
"3E1M39Z","ICD10Procedure","3E1M39Z","Kidney"
"5A1D70Z","ICD10Procedure","5A1D70Z","Kidney"
"5A1D80Z","ICD10Procedure","5A1D80Z","Kidney"
"5A1D90Z","ICD10Procedure","5A1D90Z","Kidney"
"93656","CPT","93656","AFIB"
"93657","CPT","93657","AFIB"
"93799","CPT","93799","AFIB"
"33510","CPT","33510","CAD"
"33511","CPT","33511","CAD"
"33512","CPT","33512","CAD"
"33513","CPT","33513","CAD"
"33514","CPT","33514","CAD"
"33516","CPT","33516","CAD"
"33517","CPT","33517","CAD"
"33518","CPT","33518","CAD"
"33519","CPT","33519","CAD"
"33520","CPT","33520","CAD"
"33521","CPT","33521","CAD"
"33522","CPT","33522","CAD"
"33523","CPT","33523","CAD"
"33533","CPT","33533","CAD"
"33534","CPT","33534","CAD"
"33535","CPT","33535","CAD"
"33536","CPT","33536","CAD"
"33572","CPT","33572","CAD"
"92920","CPT","92920","CAD"
"92921","CPT","92921","CAD"
"92924","CPT","92924","CAD"
"92925","CPT","92925","CAD"
"92933","CPT","92933","CAD"
"92934","CPT","92934","CAD"
"92937","CPT","92937","CAD"
"92938","CPT","92938","CAD"
"92941","CPT","92941","CAD"
"92943","CPT","92943","CAD"
"92944","CPT","92944","CAD"
"92982","CPT","92982","CAD"
"92984","CPT","92984","CAD"
"92995","CPT","92995","CAD"
"92996","CPT","92996","CAD"
"93540","CPT","93540","CAD"
"93564","CPT","93564","CAD"
"93570","CPT","93570","CAD"
"C9602","CPT","C9602","CAD"
"C9603","CPT","C9603","CAD"
"C9604","CPT","C9604","CAD"
"C9605","CPT","C9605","CAD"
"C9606","CPT","C9606","CAD"
"C9607","CPT","C9607","CAD"
"C9608","CPT","C9608","CAD"
"S2205","CPT","S2205","CAD"
"S2206","CPT","S2206","CAD"
"S2207","CPT","S2207","CAD"
"S2208","CPT","S2208","CAD"
"S2209","CPT","S2209","CAD"
"36800","CPT","36800","Kidney"
"36810","CPT","36810","Kidney"
"36815","CPT","36815","Kidney"
"44055","CPT","44055","Kidney"
"90921","CPT","90921","Kidney"
"90925","CPT","90925","Kidney"
"90935","CPT","90935","Kidney"
"90937","CPT","90937","Kidney"
"90939","CPT","90939","Kidney"
"90940","CPT","90940","Kidney"
"90960","CPT","90960","Kidney"
"90961","CPT","90961","Kidney"
"90962","CPT","90962","Kidney"
"90966","CPT","90966","Kidney"
"90970","CPT","90970","Kidney"
"90976","CPT","90976","Kidney"
"90977","CPT","90977","Kidney"
"90982","CPT","90982","Kidney"
"90983","CPT","90983","Kidney"
"90988","CPT","90988","Kidney"
"90989","CPT","90989","Kidney"
"90990","CPT","90990","Kidney"
"90991","CPT","90991","Kidney"
"90992","CPT","90992","Kidney"
"90993","CPT","90993","Kidney"
"90994","CPT","90994","Kidney"
"90995","CPT","90995","Kidney"
"90998","CPT","90998","Kidney"
"90999","CPT","90999","Kidney"
"93990","CPT","93990","Kidney"
"99512","CPT","99512","Kidney"
"99559","CPT","99559","Kidney"
"E1590","CPT","E1590","Kidney"
"E1699","CPT","E1699","Kidney"
"G0257","CPT","G0257","Kidney"
"G0323","CPT","G0323","Kidney"
"G0327","CPT","G0327","Kidney"
"G8075","CPT","G8075","Kidney"
"G8076","CPT","G8076","Kidney"
"G8081","CPT","G8081","Kidney"
"G8082","CPT","G8082","Kidney"
"G8085","CPT","G8085","Kidney"
"92590","CPT","92590","Hearing"
"92591","CPT","92591","Hearing"
"92592","CPT","92592","Hearing"
"92593","CPT","92593","Hearing"
"92594","CPT","92594","Hearing"
"92595","CPT","92595","Hearing"
"92596","CPT","92596","Hearing"
"S0618","CPT","S0618","Hearing"
"V5010","CPT","V5010","Hearing"
"V5011","CPT","V5011","Hearing"
"V5014","CPT","V5014","Hearing"
"V5030","CPT","V5030","Hearing"
"V5040","CPT","V5040","Hearing"
"V5050","CPT","V5050","Hearing"
"V5060","CPT","V5060","Hearing"
"V5070","CPT","V5070","Hearing"
"V5080","CPT","V5080","Hearing"
"V5095","CPT","V5095","Hearing"
"V5100","CPT","V5100","Hearing"
"V5110","CPT","V5110","Hearing"
"V5130","CPT","V5130","Hearing"
"V5140","CPT","V5140","Hearing"
"V5150","CPT","V5150","Hearing"
"V5170","CPT","V5170","Hearing"
"V5180","CPT","V5180","Hearing"
"V5190","CPT","V5190","Hearing"
"V5210","CPT","V5210","Hearing"
"V5220","CPT","V5220","Hearing"
"V5230","CPT","V5230","Hearing"
"V5243","CPT","V5243","Hearing"
"V5240","CPT","V5240","Hearing"
"V5244","CPT","V5244","Hearing"
"V5246","CPT","V5246","Hearing"
"V5245","CPT","V5245","Hearing"
"V5241","CPT","V5241","Hearing"
"V5248","CPT","V5248","Hearing"
"V5242","CPT","V5242","Hearing"
"V5247","CPT","V5247","Hearing"
"V5249","CPT","V5249","Hearing"
"V5251","CPT","V5251","Hearing"
"V5257","CPT","V5257","Hearing"
"V5252","CPT","V5252","Hearing"
"V5255","CPT","V5255","Hearing"
"V5254","CPT","V5254","Hearing"
"V5259","CPT","V5259","Hearing"
"V5250","CPT","V5250","Hearing"
"V5253","CPT","V5253","Hearing"
"V5256","CPT","V5256","Hearing"
"V5258","CPT","V5258","Hearing"
"V5260","CPT","V5260","Hearing"
"V5261","CPT","V5261","Hearing"
"V5262","CPT","V5262","Hearing"
"V5263","CPT","V5263","Hearing"
"E0000","CPT","E0000","DuraMed"
"E0100","CPT","E0100","DuraMed"
"E0105","CPT","E0105","DuraMed"
"E0130","CPT","E0130","DuraMed"
"E0135","CPT","E0135","DuraMed"
"E0146","CPT","E0146","DuraMed"
"E0141","CPT","E0141","DuraMed"
"E0143","CPT","E0143","DuraMed"
"E0145","CPT","E0145","DuraMed"
"E0140","CPT","E0140","DuraMed"
"E0144","CPT","E0144","DuraMed"
"E0149","CPT","E0149","DuraMed"
"E0142","CPT","E0142","DuraMed"
"E0147","CPT","E0147","DuraMed"
"E0148","CPT","E0148","DuraMed"
"E1530","CPT","E1530","DuraMed"
"E1540","CPT","E1540","DuraMed"
"E1550","CPT","E1550","DuraMed"
"E1560","CPT","E1560","DuraMed"
"E1570","CPT","E1570","DuraMed"
"E1575","CPT","E1575","DuraMed"
"E1580","CPT","E1580","DuraMed"
"E1592","CPT","E1592","DuraMed"
"E1594","CPT","E1594","DuraMed"
"E1590","CPT","E1590","DuraMed"
"E0163","CPT","E0163","DuraMed"
"E0167","CPT","E0167","DuraMed"
"E0161","CPT","E0161","DuraMed"
"E0160","CPT","E0160","DuraMed"
"E0166","CPT","E0166","DuraMed"
"E0169","CPT","E0169","DuraMed"
"E0164","CPT","E0164","DuraMed"
"E0165","CPT","E0165","DuraMed"
"E0162","CPT","E0162","DuraMed"
"E0168","CPT","E0168","DuraMed"
"E1700","CPT","E1700","DuraMed"
"E1701","CPT","E1701","DuraMed"
"E1702","CPT","E1702","DuraMed"
"E0240","CPT","E0240","DuraMed"
"E0245","CPT","E0245","DuraMed"
"E0291","CPT","E0291","DuraMed"
"E0293","CPT","E0293","DuraMed"
"E0295","CPT","E0295","DuraMed"
"E0297","CPT","E0297","DuraMed"
"E0621","CPT","E0621","DuraMed"
"E0625","CPT","E0625","DuraMed"
"E0630","CPT","E0630","DuraMed"
"E0959","CPT","E0959","DuraMed"
"E0956","CPT","E0956","DuraMed"
"E0952","CPT","E0952","DuraMed"
"E0955","CPT","E0955","DuraMed"
"E0957","CPT","E0957","DuraMed"
"E0953","CPT","E0953","DuraMed"
"E0958","CPT","E0958","DuraMed"
"E0950","CPT","E0950","DuraMed"
"E0951","CPT","E0951","DuraMed"
"E0954","CPT","E0954","DuraMed"
"E0961","CPT","E0961","DuraMed"
"E0790","CPT","E0790","DuraMed"
"E0988","CPT","E0988","DuraMed"
"E0995","CPT","E0995","DuraMed"
"E1002","CPT","E1002","DuraMed"
"E1003","CPT","E1003","DuraMed"
"E1004","CPT","E1004","DuraMed"
"E1005","CPT","E1005","DuraMed"
"E1006","CPT","E1006","DuraMed"
"E1007","CPT","E1007","DuraMed"
"E1008","CPT","E1008","DuraMed"
"E1009","CPT","E1009","DuraMed"
"E1010","CPT","E1010","DuraMed"
"E1011","CPT","E1011","DuraMed"
"E1012","CPT","E1012","DuraMed"
"E1014","CPT","E1014","DuraMed"
"E1015","CPT","E1015","DuraMed"
"E1016","CPT","E1016","DuraMed"
"E1017","CPT","E1017","DuraMed"
"E1018","CPT","E1018","DuraMed"
"E1028","CPT","E1028","DuraMed"
"E1029","CPT","E1029","DuraMed"
"E1030","CPT","E1030","DuraMed"
"E1031","CPT","E1031","DuraMed"
"E1035","CPT","E1035","DuraMed"
"E1036","CPT","E1036","DuraMed"
"E1038","CPT","E1038","DuraMed"
"E1039","CPT","E1039","DuraMed"
"E1065","CPT","E1065","DuraMed"
"E1066","CPT","E1066","DuraMed"
"E1069","CPT","E1069","DuraMed"
"E1160","CPT","E1160","DuraMed"
"E1161","CPT","E1161","DuraMed"
"E1220","CPT","E1220","DuraMed"
"E1221","CPT","E1221","DuraMed"
"E1222","CPT","E1222","DuraMed"
"E1223","CPT","E1223","DuraMed"
"E1224","CPT","E1224","DuraMed"
"E1225","CPT","E1225","DuraMed"
"E1226","CPT","E1226","DuraMed"
"E1227","CPT","E1227","DuraMed"
"E1228","CPT","E1228","DuraMed"
"E1230","CPT","E1230","DuraMed"
"E1231","CPT","E1231","DuraMed"
"E1232","CPT","E1232","DuraMed"
"E1233","CPT","E1233","DuraMed"
"E1234","CPT","E1234","DuraMed"
"E1235","CPT","E1235","DuraMed"
"E1236","CPT","E1236","DuraMed"
"E1237","CPT","E1237","DuraMed"
"E1238","CPT","E1238","DuraMed"
"E1296","CPT","E1296","DuraMed"
"E1297","CPT","E1297","DuraMed"
"E1298","CPT","E1298","DuraMed"
"E2209","CPT","E2209","DuraMed"
"E2203","CPT","E2203","DuraMed"
"E2206","CPT","E2206","DuraMed"
"E2201","CPT","E2201","DuraMed"
"E2204","CPT","E2204","DuraMed"
"E2207","CPT","E2207","DuraMed"
"E2202","CPT","E2202","DuraMed"
"E2208","CPT","E2208","DuraMed"
"E2205","CPT","E2205","DuraMed"
"E2210","CPT","E2210","DuraMed"
"E2211","CPT","E2211","DuraMed"
"E2212","CPT","E2212","DuraMed"
"E2213","CPT","E2213","DuraMed"
"E2214","CPT","E2214","DuraMed"
"E2215","CPT","E2215","DuraMed"
"E2218","CPT","E2218","DuraMed"
"E2219","CPT","E2219","DuraMed"
"E2220","CPT","E2220","DuraMed"
"E2221","CPT","E2221","DuraMed"
"E2222","CPT","E2222","DuraMed"
"E2224","CPT","E2224","DuraMed"
"E2225","CPT","E2225","DuraMed"
"E2226","CPT","E2226","DuraMed"
"E2227","CPT","E2227","DuraMed"
"E2228","CPT","E2228","DuraMed"
"E2231","CPT","E2231","DuraMed"
"E2291","CPT","E2291","DuraMed"
"E2293","CPT","E2293","DuraMed"
"E2294","CPT","E2294","DuraMed"
"E2300","CPT","E2300","DuraMed"
"E2301","CPT","E2301","DuraMed"
"E2310","CPT","E2310","DuraMed"
"E2311","CPT","E2311","DuraMed"
"E2323","CPT","E2323","DuraMed"
"E2326","CPT","E2326","DuraMed"
"E2320","CPT","E2320","DuraMed"
"E2329","CPT","E2329","DuraMed"
"E2328","CPT","E2328","DuraMed"
"E2322","CPT","E2322","DuraMed"
"E2325","CPT","E2325","DuraMed"
"E2321","CPT","E2321","DuraMed"
"E2327","CPT","E2327","DuraMed"
"E2324","CPT","E2324","DuraMed"
"E2330","CPT","E2330","DuraMed"
"E2331","CPT","E2331","DuraMed"
"E2340","CPT","E2340","DuraMed"
"E2341","CPT","E2341","DuraMed"
"E2342","CPT","E2342","DuraMed"
"E2343","CPT","E2343","DuraMed"
"E2351","CPT","E2351","DuraMed"
"E2358","CPT","E2358","DuraMed"
"E2359","CPT","E2359","DuraMed"
"E2368","CPT","E2368","DuraMed"
"E2361","CPT","E2361","DuraMed"
"E2369","CPT","E2369","DuraMed"
"E2365","CPT","E2365","DuraMed"
"E2364","CPT","E2364","DuraMed"
"E2360","CPT","E2360","DuraMed"
"E2362","CPT","E2362","DuraMed"
"E2367","CPT","E2367","DuraMed"
"E2366","CPT","E2366","DuraMed"
"E2363","CPT","E2363","DuraMed"
"E2370","CPT","E2370","DuraMed"
"E2371","CPT","E2371","DuraMed"
"E2372","CPT","E2372","DuraMed"
"E2373","CPT","E2373","DuraMed"
"E2374","CPT","E2374","DuraMed"
"E2375","CPT","E2375","DuraMed"
"E2376","CPT","E2376","DuraMed"
"E2377","CPT","E2377","DuraMed"
"E2378","CPT","E2378","DuraMed"
"E2382","CPT","E2382","DuraMed"
"E2386","CPT","E2386","DuraMed"
"E2385","CPT","E2385","DuraMed"
"E2389","CPT","E2389","DuraMed"
"E2384","CPT","E2384","DuraMed"
"E2387","CPT","E2387","DuraMed"
"E2381","CPT","E2381","DuraMed"
"E2383","CPT","E2383","DuraMed"
"E2388","CPT","E2388","DuraMed"
"E2390","CPT","E2390","DuraMed"
"E2391","CPT","E2391","DuraMed"
"E2392","CPT","E2392","DuraMed"
"E2393","CPT","E2393","DuraMed"
"E2394","CPT","E2394","DuraMed"
"E2395","CPT","E2395","DuraMed"
"E2396","CPT","E2396","DuraMed"
"E2397","CPT","E2397","DuraMed"
"E2603","CPT","E2603","DuraMed"
"E2606","CPT","E2606","DuraMed"
"E2609","CPT","E2609","DuraMed"
"E2608","CPT","E2608","DuraMed"
"E2601","CPT","E2601","DuraMed"
"E2605","CPT","E2605","DuraMed"
"E2604","CPT","E2604","DuraMed"
"E2602","CPT","E2602","DuraMed"
"E2607","CPT","E2607","DuraMed"
"E2612","CPT","E2612","DuraMed"
"E2614","CPT","E2614","DuraMed"
"E2616","CPT","E2616","DuraMed"
"E2618","CPT","E2618","DuraMed"
"E2617","CPT","E2617","DuraMed"
"E2613","CPT","E2613","DuraMed"
"E2619","CPT","E2619","DuraMed"
"E2611","CPT","E2611","DuraMed"
"E2615","CPT","E2615","DuraMed"
"E2610","CPT","E2610","DuraMed"
"E2621","CPT","E2621","DuraMed"
"E2620","CPT","E2620","DuraMed"
"E2626","CPT","E2626","DuraMed"
"E2624","CPT","E2624","DuraMed"
"E2625","CPT","E2625","DuraMed"
"E2627","CPT","E2627","DuraMed"
"E2623","CPT","E2623","DuraMed"
"E2628","CPT","E2628","DuraMed"
"E2629","CPT","E2629","DuraMed"
"E2622","CPT","E2622","DuraMed"
"E2630","CPT","E2630","DuraMed"
"E2631","CPT","E2631","DuraMed"
"E2632","CPT","E2632","DuraMed"
"E2633","CPT","E2633","DuraMed"
"K0008","CPT","K0008","DuraMed"
"K0001","CPT","K0001","DuraMed"
"K0009","CPT","K0009","DuraMed"
"K0004","CPT","K0004","DuraMed"
"K0006","CPT","K0006","DuraMed"
"K0007","CPT","K0007","DuraMed"
"K0005","CPT","K0005","DuraMed"
"K0002","CPT","K0002","DuraMed"
"K0003","CPT","K0003","DuraMed"
"K0028","CPT","K0028","DuraMed"
"K0025","CPT","K0025","DuraMed"
"K0022","CPT","K0022","DuraMed"
"K0027","CPT","K0027","DuraMed"
"K0021","CPT","K0021","DuraMed"
"K0024","CPT","K0024","DuraMed"
"K0020","CPT","K0020","DuraMed"
"K0023","CPT","K0023","DuraMed"
"K0029","CPT","K0029","DuraMed"
"K0026","CPT","K0026","DuraMed"
"K0038","CPT","K0038","DuraMed"
"K0033","CPT","K0033","DuraMed"
"K0032","CPT","K0032","DuraMed"
"K0034","CPT","K0034","DuraMed"
"K0035","CPT","K0035","DuraMed"
"K0036","CPT","K0036","DuraMed"
"K0037","CPT","K0037","DuraMed"
"K0030","CPT","K0030","DuraMed"
"K0031","CPT","K0031","DuraMed"
"K0039","CPT","K0039","DuraMed"
"K0049","CPT","K0049","DuraMed"
"K0041","CPT","K0041","DuraMed"
"K0048","CPT","K0048","DuraMed"
"K0047","CPT","K0047","DuraMed"
"K0042","CPT","K0042","DuraMed"
"K0046","CPT","K0046","DuraMed"
"K0040","CPT","K0040","DuraMed"
"K0045","CPT","K0045","DuraMed"
"K0043","CPT","K0043","DuraMed"
"K0044","CPT","K0044","DuraMed"
"K0084","CPT","K0084","DuraMed"
"K0087","CPT","K0087","DuraMed"
"K0085","CPT","K0085","DuraMed"
"K0083","CPT","K0083","DuraMed"
"K0088","CPT","K0088","DuraMed"
"K0082","CPT","K0082","DuraMed"
"K0081","CPT","K0081","DuraMed"
"K0086","CPT","K0086","DuraMed"
"K0089","CPT","K0089","DuraMed"
"K0080","CPT","K0080","DuraMed"
"K0077","CPT","K0077","DuraMed"
"K0079","CPT","K0079","DuraMed"
"K0098","CPT","K0098","DuraMed"
"K0103","CPT","K0103","DuraMed"
"K0105","CPT","K0105","DuraMed"
"K0195","CPT","K0195","DuraMed"
"K0658","CPT","K0658","DuraMed"
"K0659","CPT","K0659","DuraMed"
"K0650","CPT","K0650","DuraMed"
"K0656","CPT","K0656","DuraMed"
"K0651","CPT","K0651","DuraMed"
"K0657","CPT","K0657","DuraMed"
"K0654","CPT","K0654","DuraMed"
"K0655","CPT","K0655","DuraMed"
"K0653","CPT","K0653","DuraMed"
"K0652","CPT","K0652","DuraMed"
"K0667","CPT","K0667","DuraMed"
"K0661","CPT","K0661","DuraMed"
"K0665","CPT","K0665","DuraMed"
"K0662","CPT","K0662","DuraMed"
"K0663","CPT","K0663","DuraMed"
"K0666","CPT","K0666","DuraMed"
"K0668","CPT","K0668","DuraMed"
"K0669","CPT","K0669","DuraMed"
"K0660","CPT","K0660","DuraMed"
"K0664","CPT","K0664","DuraMed"
"K0826","CPT","K0826","DuraMed"
"K0825","CPT","K0825","DuraMed"
"K0823","CPT","K0823","DuraMed"
"K0821","CPT","K0821","DuraMed"
"K0829","CPT","K0829","DuraMed"
"K0824","CPT","K0824","DuraMed"
"K0820","CPT","K0820","DuraMed"
"K0828","CPT","K0828","DuraMed"
"K0822","CPT","K0822","DuraMed"
"K0827","CPT","K0827","DuraMed"
"K0853","CPT","K0853","DuraMed"
"K0854","CPT","K0854","DuraMed"
"K0856","CPT","K0856","DuraMed"
"K0850","CPT","K0850","DuraMed"
"K0855","CPT","K0855","DuraMed"
"K0857","CPT","K0857","DuraMed"
"K0858","CPT","K0858","DuraMed"
"K0851","CPT","K0851","DuraMed"
"K0852","CPT","K0852","DuraMed"
"K0859","CPT","K0859","DuraMed"
"T1000","CPT","T1000","DuraMed"
"T1001","CPT","T1001","DuraMed"
"T1002","CPT","T1002","DuraMed"
"T1003","CPT","T1003","DuraMed"
"T1004","CPT","T1004","DuraMed"
"T1005","CPT","T1005","DuraMed"
"T1019","CPT","T1019","DuraMed"
"T1020","CPT","T1020","DuraMed"
"T1021","CPT","T1021","DuraMed"
"T1022","CPT","T1022","DuraMed"
"T1030","CPT","T1030","DuraMed"
"T1031","CPT","T1031","DuraMed"
"92928","CPT","92928","CAD"
"92929","CPT","92929","CAD"
"C9600","CPT","C9600","CAD"
"C9601","CPT","C9601","CAD"
"E0627","CPT","E0627","DuraMed"
"E0629","CPT","E0629","DuraMed"
"E0296","CPT","E0296","DuraMed"
"E1083","CPT","E1083","DuraMed"
"E1085","CPT","E1085","DuraMed"
"E1087","CPT","E1087","DuraMed"
"E1088","CPT","E1088","DuraMed"
"E1090","CPT","E1090","DuraMed"
"E1510","CPT","E1510","DuraMed"
"V5171","CPT","V5171","Hearing"
"V5172","CPT","V5172","Hearing"
"V5181","CPT","V5181","Hearing"
"K0733","CPT","K0733","DuraMed"
"K0900","CPT","K0900","DuraMed"
"S0353","CPT","S0353","Cancer"
"S0354","CPT","S0354","Cancer"
"G0505","CPT","G0505","Dementia"
"G9680","CPT","G9680","HF"
"G9681","CPT","G9681","Lung"
"G9721","CPT","G9721","DuraMed"
"G9766","CPT","G9766","CVA"
"G9767","CPT","G9767","CVA"
"G9831","CPT","G9831","Cancer"
"G9832","CPT","G9832","Cancer"
"G9834","CPT","G9834","Cancer"
"G9061","CPT","G9061","Cancer"
"G9078","CPT","G9078","Cancer"
"G9089","CPT","G9089","Cancer"
"G9095","CPT","G9095","Cancer"
"G9123","CPT","G9123","Cancer"
"G9124","CPT","G9124","Cancer"
"G9125","CPT","G9125","Cancer"
"G9126","CPT","G9126","Cancer"
"G9128","CPT","G9128","Cancer"
"G9129","CPT","G9129","Cancer"
"G9134","CPT","G9134","Cancer"
"G9135","CPT","G9135","Cancer"
"G9136","CPT","G9136","Cancer"
"G9137","CPT","G9137","Cancer"
"G9138","CPT","G9138","Cancer"
"G9289","CPT","G9289","Cancer"
"G9423","CPT","G9423","Cancer"
"G9424","CPT","G9424","Cancer"
"G9425","CPT","G9425","Cancer"
"G9395","CPT","G9395","Depress"
"G9418","CPT","G9418","Cancer"
"G9421","CPT","G9421","Cancer"
"G9422","CPT","G9422","Cancer"
"G9434","CPT","G9434","Lung"
"G8126","CPT","G8126","Depress"
"G8127","CPT","G8127","Depress"
"G8431","CPT","G8431","Depress"
"G8511","CPT","G8511","Depress"
"G9194","CPT","G9194","Depress"
"G9195","CPT","G9195","Depress"
"G9257","CPT","G9257","CVA"
"G9258","CPT","G9258","CVA"
"G8494","CPT","G8494","Diabetes"
"G8495","CPT","G8495","Kidney"
"G8499","CPT","G8499","Arthritis"
"G8763","CPT","G8763","HTN"
"G8879","CPT","G8879","Cancer"
"G8923","CPT","G8923","HF"
"G8924","CPT","G8924","Lung"
"G8927","CPT","G8927","Cancer"
"G8934","CPT","G8934","HF"
"G8973","CPT","G8973","Anemia"
"G8975","CPT","G8975","Anemia"
"G0910","CPT","G0910","Anemia"
"G8573","CPT","G8573","CVA"
"G8574","CPT","G8574","CAD"
"G8694","CPT","G8694","HF"
"G8738","CPT","G8738","HF"
"G8836","CPT","G8836","CVA"
"G8837","CPT","G8837","CVA"
"G8875","CPT","G8875","Cancer"
"G8881","CPT","G8881","Cancer"
"34701","CPT","34701","PVD"
"34702","CPT","34702","PVD"
"34703","CPT","34703","PVD"
"34704","CPT","34704","PVD"
"34705","CPT","34705","PVD"
"34706","CPT","34706","PVD"
"34707","CPT","34707","PVD"
"34708","CPT","34708","PVD"
"34709","CPT","34709","PVD"
"34710","CPT","34710","PVD"
"34711","CPT","34711","PVD"
"34712","CPT","34712","PVD"
"34713","CPT","34713","PVD"
"34714","CPT","34714","PVD"
"34715","CPT","34715","PVD"
"34716","CPT","34716","PVD"
"34812","CPT","34812","PVD"
"34820","CPT","34820","PVD"
"34833","CPT","34833","PVD"
"34834","CPT","34834","PVD"
"34805","CPT","34805","PVD"
"35311","CPT","35311","PVD"
"35321","CPT","35321","PVD"
"35331","CPT","35331","PVD"
"35341","CPT","35341","PVD"
"35351","CPT","35351","PVD"
"35355","CPT","35355","PVD"
"35361","CPT","35361","PVD"
"35363","CPT","35363","PVD"
"35371","CPT","35371","PVD"
"35372","CPT","35372","PVD"
"35510","CPT","35510","PVD"
"35512","CPT","35512","PVD"
"35522","CPT","35522","PVD"
"35525","CPT","35525","PVD"
"34841","CPT","34841","PVD"
"34842","CPT","34842","PVD"
"34843","CPT","34843","PVD"
"34844","CPT","34844","PVD"
"34845","CPT","34845","PVD"
"34846","CPT","34846","PVD"
"34847","CPT","34847","PVD"
"34848","CPT","34848","PVD"
"37217","CPT","37217","PVD"
"37236","CPT","37236","PVD"
"37237","CPT","37237","PVD"
"37238","CPT","37238","PVD"
"37239","CPT","37239","PVD"
"37228","CPT","37228","PVD"
"37229","CPT","37229","PVD"
"37230","CPT","37230","PVD"
"37231","CPT","37231","PVD"
"0005F","CPT","0005F","Osteo"
"3055F","CPT","3055F","HF"
"3117F","CPT","3117F","HF"
"3118F","CPT","3118F","HF"
"4561F","CPT","4561F","CAD"
"4145F","CPT","4145F","HTN"
"1490F","CPT","1490F","Dementia"
"1491F","CPT","1491F","Dementia"
"1493F","CPT","1493F","Dementia"
"27238","CPT","27238","Falls"
"27240","CPT","27240","Falls"
"27244","CPT","27244","Falls"
"27245","CPT","27245","Falls"
"9001F","CPT","9001F","PVD"
"9002F","CPT","9002F","PVD"
"9003F","CPT","9003F","PVD"
"9004F","CPT","9004F","PVD"
"9005F","CPT","9005F","PVD"
"9006F","CPT","9006F","PVD"
"9007F","CPT","9007F","PVD"
"1040F","CPT","1040F","Depress"
"1005F","CPT","1005F","Lung"
